row,col,r,g,b,hex
0,0,93,62,31,#5D3E1F
0,1,96,64,31,#60401F
0,2,98,67,33,#624321
0,3,96,66,32,#604220
0,4,93,63,30,#5D3F1E
0,5,90,59,31,#5A3B1F
0,6,88,58,29,#583A1D
0,7,89,59,31,#593B1F
0,8,89,59,31,#593B1F
0,9,88,58,29,#583A1D
0,10,86,57,25,#563919
0,11,87,59,27,#573B1B
0,12,90,61,29,#5A3D1D
0,13,91,62,31,#5B3E1F
0,14,79,50,23,#4F3217
0,15,169,139,93,#A98B5D
0,16,253,226,148,#FDE294
0,17,253,220,143,#FDDC8F
0,18,253,221,144,#FDDD90
0,19,253,219,145,#FDDB91
0,20,255,223,146,#FFDF92
0,21,231,202,140,#E7CA8C
0,22,201,176,130,#C9B082
0,23,202,180,131,#CAB483
0,24,202,179,132,#CAB384
0,25,200,175,131,#C8AF83
0,26,234,204,140,#EACC8C
0,27,255,223,145,#FFDF91
0,28,253,219,146,#FDDB92
0,29,253,220,146,#FDDC92
0,30,254,221,142,#FEDD8E
0,31,248,220,145,#F8DC91
0,32,177,150,91,#B1965B
0,33,132,91,34,#845B22
0,34,143,101,40,#8F6528
0,35,142,100,41,#8E6429
0,36,141,99,41,#8D6329
0,37,141,99,40,#8D6328
0,38,141,99,44,#8D632C
0,39,141,98,44,#8D622C
0,40,141,99,41,#8D6329
0,41,141,99,41,#8D6329
0,42,141,99,43,#8D632B
0,43,140,98,42,#8C622A
0,44,140,95,41,#8C5F29
0,45,128,87,37,#805725
0,46,104,71,33,#684721
0,47,85,56,28,#55381C
1,0,99,67,35,#634323
1,1,103,67,37,#674325
1,2,104,71,37,#684725
1,3,103,70,36,#674624
1,4,101,67,36,#654324
1,5,96,65,34,#604122
1,6,95,64,32,#5F4020
1,7,93,64,31,#5D401F
1,8,93,63,30,#5D3F1E
1,9,91,62,31,#5B3E1F
1,10,90,60,31,#5A3C1F
1,11,90,60,29,#5A3C1D
1,12,93,64,29,#5D401D
1,13,84,55,26,#54371A
1,14,157,124,82,#9D7C52
1,15,255,224,150,#FFE096
1,16,251,223,145,#FBDF91
1,17,251,221,146,#FBDD92
1,18,251,221,145,#FBDD91
1,19,252,220,146,#FCDC92
1,20,255,224,148,#FFE094
1,21,229,199,140,#E5C78C
1,22,201,174,131,#C9AE83
1,23,204,178,132,#CCB284
1,24,202,180,132,#CAB484
1,25,198,176,131,#C6B083
1,26,222,196,138,#DEC48A
1,27,255,226,147,#FFE293
1,28,252,221,147,#FCDD93
1,29,254,220,146,#FEDC92
1,30,253,219,145,#FDDB91
1,31,255,221,146,#FFDD92
1,32,254,228,152,#FEE498
1,33,181,153,94,#B5995E
1,34,135,94,39,#875E27
1,35,145,102,47,#91662F
1,36,143,100,47,#8F642F
1,37,143,100,46,#8F642E
1,38,142,99,46,#8E632E
1,39,142,99,47,#8E632F
1,40,142,99,46,#8E632E
1,41,142,99,46,#8E632E
1,42,144,98,45,#90622D
1,43,141,98,45,#8D622D
1,44,137,94,41,#895E29
1,45,121,81,36,#795124
1,46,99,67,32,#634320
1,47,85,56,27,#55381B
2,0,107,73,38,#6B4926
2,1,118,79,43,#764F2B
2,2,129,89,48,#815930
2,3,126,86,48,#7E5630
2,4,115,76,42,#734C2A
2,5,109,76,40,#6D4C28
2,6,106,72,36,#6A4824
2,7,102,69,36,#664524
2,8,100,69,35,#644523
2,9,99,69,35,#634523
2,10,98,67,35,#624323
2,11,97,66,33,#614221
2,12,88,58,27,#583A1B
2,13,127,93,60,#7F5D3C
2,14,243,205,138,#F3CD8A
2,15,255,223,148,#FFDF94
2,16,252,220,145,#FCDC91
2,17,252,223,147,#FCDF93
2,18,254,225,148,#FEE194
2,19,255,222,147,#FFDE93
2,20,252,220,145,#FCDC91
2,21,222,196,135,#DEC487
2,22,200,175,131,#C8AF83
2,23,203,178,132,#CBB284
2,24,203,178,132,#CBB284
2,25,201,177,132,#C9B184
2,26,210,184,132,#D2B884
2,27,244,213,141,#F4D58D
2,28,248,219,143,#F8DB8F
2,29,255,222,147,#FFDE93
2,30,255,222,148,#FFDE94
2,31,255,220,146,#FFDC92
2,32,253,221,145,#FDDD91
2,33,255,230,154,#FFE69A
2,34,171,141,86,#AB8D56
2,35,140,97,42,#8C612A
2,36,149,106,49,#956A31
2,37,148,106,48,#946A30
2,38,146,104,47,#92682F
2,39,146,104,46,#92682E
2,40,147,104,47,#93682F
2,41,146,104,47,#92682F
2,42,147,103,47,#93672F
2,43,143,100,44,#8F642C
2,44,133,92,41,#855C29
2,45,113,75,36,#714B24
2,46,99,66,32,#634220
2,47,91,62,32,#5B3E20
3,0,114,78,41,#724E29
3,1,130,90,48,#825A30
3,2,141,99,48,#8D6330
3,3,139,97,49,#8B6131
3,4,125,85,43,#7D552B
3,5,122,85,45,#7A552D
3,6,116,79,41,#744F29
3,7,113,76,42,#714C2A
3,8,110,75,40,#6E4B28
3,9,108,75,38,#6C4B26
3,10,106,73,37,#6A4925
3,11,101,69,35,#654523
3,12,98,67,37,#624325
3,13,198,158,106,#C69E6A
3,14,255,223,147,#FFDF93
3,15,254,219,146,#FEDB92
3,16,253,220,145,#FDDC91
3,17,248,218,142,#F8DA8E
3,18,235,206,137,#EBCE89
3,19,219,193,133,#DBC185
3,20,207,184,129,#CFB881
3,21,201,179,130,#C9B382
3,22,201,179,132,#C9B384
3,23,201,179,132,#C9B384
3,24,203,178,132,#CBB284
3,25,203,178,132,#CBB284
3,26,203,178,131,#CBB283
3,27,202,178,129,#CAB281
3,28,208,184,130,#D0B882
3,29,220,194,135,#DCC287
3,30,240,208,140,#F0D08C
3,31,252,220,146,#FCDC92
3,32,252,220,146,#FCDC92
3,33,255,223,147,#FFDF93
3,34,238,210,142,#EED28E
3,35,145,111,59,#916F3B
3,36,149,106,46,#956A2E
3,37,151,109,49,#976D31
3,38,150,108,49,#966C31
3,39,150,108,49,#966C31
3,40,151,109,49,#976D31
3,41,150,109,49,#966D31
3,42,150,108,50,#966C32
3,43,147,106,46,#936A2E
3,44,135,95,44,#875F2C
3,45,121,83,42,#79532A
3,46,121,84,41,#795429
3,47,120,85,42,#78552A
4,0,115,77,43,#734D2B
4,1,126,87,46,#7E572E
4,2,130,91,45,#825B2D
4,3,136,94,48,#885E30
4,4,133,92,46,#855C2E
4,5,123,84,43,#7B542B
4,6,121,81,44,#79512C
4,7,120,81,43,#78512B
4,8,117,80,43,#75502B
4,9,116,81,44,#74512C
4,10,116,80,44,#74502C
4,11,101,70,35,#654623
4,12,141,104,68,#8D6844
4,13,235,197,130,#EBC582
4,14,254,223,148,#FEDF94
4,15,254,219,146,#FEDB92
4,16,251,219,144,#FBDB90
4,17,212,187,131,#D4BB83
4,18,197,175,130,#C5AF82
4,19,199,177,132,#C7B184
4,20,200,178,132,#C8B284
4,21,201,179,132,#C9B384
4,22,201,179,132,#C9B384
4,23,201,179,132,#C9B384
4,24,201,179,132,#C9B384
4,25,201,179,132,#C9B384
4,26,201,179,132,#C9B384
4,27,201,179,133,#C9B385
4,28,200,178,133,#C8B285
4,29,196,174,129,#C4AE81
4,30,205,181,132,#CDB584
4,31,246,218,145,#F6DA91
4,32,254,222,146,#FEDE92
4,33,252,218,144,#FCDA90
4,34,255,229,152,#FFE598
4,35,187,156,101,#BB9C65
4,36,145,103,47,#91672F
4,37,155,114,54,#9B7236
4,38,154,112,53,#9A7035
4,39,153,112,53,#997035
4,40,153,112,52,#997034
4,41,154,112,51,#9A7033
4,42,154,112,52,#9A7034
4,43,152,111,51,#986F33
4,44,145,107,50,#916B32
4,45,143,102,50,#8F6632
4,46,149,107,50,#956B32
4,47,143,103,48,#8F6730
5,0,118,81,45,#76512D
5,1,130,89,46,#82592E
5,2,142,100,49,#8E6431
5,3,154,109,55,#9A6D37
5,4,149,105,51,#956933
5,5,134,94,47,#865E2F
5,6,128,88,45,#80582D
5,7,125,86,44,#7D562C
5,8,122,86,43,#7A562B
5,9,122,86,45,#7A562D
5,10,124,84,43,#7C542B
5,11,112,78,44,#704E2C
5,12,182,140,94,#B68C5E
5,13,249,212,140,#F9D48C
5,14,254,222,147,#FEDE93
5,15,252,220,146,#FCDC92
5,16,255,220,146,#FFDC92
5,17,241,212,145,#F1D491
5,18,205,182,134,#CDB686
5,19,200,178,131,#C8B283
5,20,202,180,132,#CAB484
5,21,201,179,132,#C9B384
5,22,201,179,132,#C9B384
5,23,201,179,132,#C9B384
5,24,204,177,132,#CCB184
5,25,202,179,132,#CAB384
5,26,201,179,132,#C9B384
5,27,201,180,132,#C9B484
5,28,200,178,131,#C8B283
5,29,205,181,132,#CDB584
5,30,240,211,147,#F0D393
5,31,255,222,147,#FFDE93
5,32,254,220,146,#FEDC92
5,33,251,220,145,#FBDC91
5,34,255,228,150,#FFE496
5,35,220,192,129,#DCC081
5,36,151,113,57,#977139
5,37,162,118,57,#A27639
5,38,160,118,58,#A0763A
5,39,159,118,57,#9F7639
5,40,160,117,57,#A07539
5,41,161,116,57,#A17439
5,42,161,116,57,#A17439
5,43,161,116,57,#A17439
5,44,160,116,57,#A07439
5,45,160,115,56,#A07338
5,46,162,117,54,#A27536
5,47,150,110,51,#966E33
6,0,128,89,46,#80592E
6,1,148,105,49,#946931
6,2,166,118,58,#A6763A
6,3,178,131,65,#B28341
6,4,169,124,60,#A97C3C
6,5,154,111,55,#9A6F37
6,6,141,101,50,#8D6532
6,7,133,92,47,#855C2F
6,8,131,92,47,#835C2F
6,9,131,93,47,#835D2F
6,10,124,86,39,#7C5627
6,11,133,95,56,#855F38
6,12,209,165,112,#D1A570
6,13,249,219,144,#F9DB90
6,14,251,223,146,#FBDF92
6,15,251,222,146,#FBDE92
6,16,252,221,146,#FCDD92
6,17,255,224,147,#FFE093
6,18,243,215,145,#F3D791
6,19,207,182,132,#CFB684
6,20,200,177,131,#C8B183
6,21,201,180,132,#C9B484
6,22,201,179,132,#C9B384
6,23,204,177,132,#CCB184
6,24,201,179,132,#C9B384
6,25,201,179,132,#C9B384
6,26,202,180,132,#CAB484
6,27,199,178,131,#C7B283
6,28,203,181,132,#CBB584
6,29,240,212,144,#F0D490
6,30,255,224,146,#FFE092
6,31,254,219,146,#FEDB92
6,32,254,220,146,#FEDC92
6,33,253,221,146,#FDDD92
6,34,253,223,147,#FDDF93
6,35,244,217,147,#F4D993
6,36,161,126,72,#A17E48
6,37,166,118,59,#A6763B
6,38,166,121,60,#A6793C
6,39,165,121,59,#A5793B
6,40,167,120,62,#A7783E
6,41,167,119,61,#A7773D
6,42,168,120,61,#A8783D
6,43,166,120,61,#A6783D
6,44,165,121,61,#A5793D
6,45,165,120,59,#A5783B
6,46,166,121,57,#A67939
6,47,147,106,51,#936A33
7,0,149,105,51,#956933
7,1,174,128,59,#AE803B
7,2,186,138,68,#BA8A44
7,3,187,139,67,#BB8B43
7,4,187,139,65,#BB8B41
7,5,184,135,67,#B88743
7,6,179,132,67,#B38443
7,7,169,125,62,#A97D3E
7,8,160,117,57,#A07539
7,9,165,122,61,#A57A3D
7,10,157,113,57,#9D7139
7,11,158,117,72,#9E7548
7,12,220,176,116,#DCB074
7,13,251,222,147,#FBDE93
7,14,252,221,146,#FCDD92
7,15,253,219,145,#FDDB91
7,16,252,218,145,#FCDA91
7,17,251,217,144,#FBD990
7,18,254,221,146,#FEDD92
7,19,244,214,144,#F4D690
7,20,208,185,133,#D0B985
7,21,201,176,131,#C9B083
7,22,204,178,132,#CCB284
7,23,202,178,132,#CAB284
7,24,201,179,132,#C9B384
7,25,202,180,132,#CAB484
7,26,200,178,131,#C8B283
7,27,203,180,132,#CBB484
7,28,239,210,143,#EFD28F
7,29,254,221,145,#FEDD91
7,30,250,220,145,#FADC91
7,31,254,220,146,#FEDC92
7,32,252,220,146,#FCDC92
7,33,251,222,146,#FBDE92
7,34,251,222,145,#FBDE91
7,35,251,224,149,#FBE095
7,36,180,147,89,#B49359
7,37,168,119,60,#A8773C
7,38,171,123,64,#AB7B40
7,39,170,122,63,#AA7A3F
7,40,171,122,63,#AB7A3F
7,41,171,122,64,#AB7A40
7,42,170,122,64,#AA7A40
7,43,170,122,62,#AA7A3E
7,44,166,122,60,#A67A3C
7,45,162,119,58,#A2773A
7,46,150,106,54,#966A36
7,47,114,77,39,#724D27
8,0,166,120,57,#A67839
8,1,190,143,66,#BE8F42
8,2,188,140,62,#BC8C3E
8,3,172,125,54,#AC7D36
8,4,172,124,55,#AC7C37
8,5,184,137,64,#B88940
8,6,192,144,66,#C09042
8,7,191,143,66,#BF8F42
8,8,190,141,70,#BE8D46
8,9,191,142,70,#BF8E46
8,10,187,141,68,#BB8D44
8,11,179,134,82,#B38652
8,12,218,174,113,#DAAE71
8,13,253,224,147,#FDE093
8,14,251,221,146,#FBDD92
8,15,255,225,149,#FFE195
8,16,255,231,154,#FFE79A
8,17,255,232,152,#FFE898
8,18,255,230,152,#FFE698
8,19,255,223,148,#FFDF94
8,20,245,214,143,#F5D68F
8,21,211,185,133,#D3B985
8,22,199,176,130,#C7B082
8,23,201,180,132,#C9B484
8,24,202,179,132,#CAB384
8,25,200,179,131,#C8B383
8,26,201,180,133,#C9B485
8,27,237,209,144,#EDD190
8,28,255,228,150,#FFE496
8,29,255,231,152,#FFE798
8,30,255,227,147,#FFE393
8,31,251,221,144,#FBDD90
8,32,254,222,146,#FEDE92
8,33,255,222,147,#FFDE93
8,34,252,220,145,#FCDC91
8,35,254,226,150,#FEE296
8,36,191,161,100,#BFA164
8,37,169,121,60,#A9793C
8,38,178,129,67,#B28143
8,39,174,126,64,#AE7E40
8,40,175,127,63,#AF7F3F
8,41,175,127,64,#AF7F40
8,42,176,127,65,#B07F41
8,43,175,128,64,#AF8040
8,44,168,123,62,#A87B3E
8,45,152,108,55,#986C37
8,46,126,86,46,#7E562E
8,47,99,67,35,#634323
9,0,144,101,47,#90652F
9,1,165,120,53,#A57835
9,2,192,144,66,#C09042
9,3,170,125,57,#AA7D39
9,4,146,101,46,#92652E
9,5,154,110,51,#9A6E33
9,6,183,138,65,#B78A41
9,7,192,145,68,#C09144
9,8,182,134,63,#B6863F
9,9,185,138,64,#B98A40
9,10,187,143,68,#BB8F44
9,11,183,137,88,#B78958
9,12,218,175,114,#DAAF72
9,13,252,224,148,#FCE094
9,14,252,224,147,#FCE093
9,15,228,202,132,#E4CA84
9,16,192,168,109,#C0A86D
9,17,184,162,102,#B8A266
9,18,200,175,111,#C8AF6F
9,19,243,212,138,#F3D48A
9,20,255,231,151,#FFE797
9,21,247,219,144,#F7DB90
9,22,213,188,136,#D5BC88
9,23,199,176,131,#C7B083
9,24,201,178,132,#C9B284
9,25,202,178,134,#CAB286
9,26,235,207,143,#EBCF8F
9,27,255,234,152,#FFEA98
9,28,227,201,129,#E3C981
9,29,158,137,86,#9E8956
9,30,146,128,80,#928050
9,31,176,158,103,#B09E67
9,32,222,202,131,#DECA83
9,33,243,215,142,#F3D78E
9,34,252,220,145,#FCDC91
9,35,255,227,152,#FFE398
9,36,197,166,103,#C5A667
9,37,169,122,59,#A97A3B
9,38,180,132,66,#B48442
9,39,177,130,64,#B18240
9,40,172,127,62,#AC7F3E
9,41,167,123,57,#A77B39
9,42,168,121,57,#A87939
9,43,168,123,59,#A87B3B
9,44,168,123,62,#A87B3E
9,45,150,107,56,#966B38
9,46,123,85,44,#7B552C
9,47,104,71,35,#684723
10,0,134,92,45,#865C2D
10,1,135,92,43,#875C2B
10,2,170,127,60,#AA7F3C
10,3,205,162,78,#CDA24E
10,4,192,151,74,#C0974A
10,5,189,149,76,#BD954C
10,6,194,154,77,#C29A4D
10,7,203,159,78,#CB9F4E
10,8,195,150,75,#C3964B
10,9,190,144,69,#BE9045
10,10,184,142,70,#B88E46
10,11,183,142,92,#B78E5C
10,12,216,173,112,#D8AD70
10,13,253,224,148,#FDE094
10,14,226,202,131,#E2CA83
10,15,183,163,112,#B7A370
10,16,166,147,100,#A69364
10,17,153,134,88,#998658
10,18,130,112,73,#827049
10,19,121,105,66,#796942
10,20,192,170,112,#C0AA70
10,21,255,227,149,#FFE395
10,22,250,220,145,#FADC91
10,23,217,189,137,#D9BD89
10,24,199,177,132,#C7B184
10,25,234,206,144,#EACE90
10,26,255,231,152,#FFE798
10,27,196,175,114,#C4AF72
10,28,118,103,65,#766741
10,29,175,156,109,#AF9C6D
10,30,232,205,139,#E8CD8B
10,31,252,221,147,#FCDD93
10,32,247,217,145,#F7D991
10,33,237,210,139,#EDD28B
10,34,250,220,145,#FADC91
10,35,255,227,152,#FFE398
10,36,200,169,105,#C8A969
10,37,173,126,61,#AD7E3D
10,38,185,138,69,#B98A45
10,39,183,136,67,#B78843
10,40,177,134,64,#B18640
10,41,160,117,55,#A07537
10,42,136,92,44,#885C2C
10,43,131,89,43,#83592B
10,44,146,103,52,#926734
10,45,151,108,59,#976C3B
10,46,128,87,46,#80572E
10,47,109,73,36,#6D4924
11,0,152,109,57,#986D39
11,1,148,105,52,#946934
11,2,156,113,56,#9C7138
11,3,198,159,77,#C69F4D
11,4,218,180,89,#DAB459
11,5,216,178,88,#D8B258
11,6,214,178,86,#D6B256
11,7,214,176,86,#D6B056
11,8,212,174,88,#D4AE58
11,9,212,173,84,#D4AD54
11,10,201,164,82,#C9A452
11,11,185,145,93,#B9915D
11,12,215,168,109,#D7A86D
11,13,249,219,145,#F9DB91
11,14,247,220,142,#F7DC8E
11,15,255,225,148,#FFE194
11,16,255,229,153,#FFE599
11,17,255,231,151,#FFE797
11,18,255,231,154,#FFE79A
11,19,233,205,137,#E9CD89
11,20,194,174,117,#C2AE75
11,21,241,212,139,#F1D48B
11,22,255,224,147,#FFE093
11,23,250,217,146,#FAD992
11,24,238,210,143,#EED28F
11,25,255,223,147,#FFDF93
11,26,248,220,145,#F8DC91
11,27,187,165,110,#BBA56E
11,28,238,210,141,#EED28D
11,29,255,233,155,#FFE99B
11,30,255,221,146,#FFDD92
11,31,250,219,144,#FADB90
11,32,252,221,146,#FCDD92
11,33,254,223,147,#FEDF93
11,34,252,220,145,#FCDC91
11,35,255,228,152,#FFE498
11,36,201,171,106,#C9AB6A
11,37,181,135,64,#B58740
11,38,191,145,71,#BF9147
11,39,188,143,70,#BC8F46
11,40,186,144,70,#BA9046
11,41,147,107,51,#936B33
11,42,119,79,39,#774F27
11,43,121,80,41,#795029
11,44,130,87,45,#82572D
11,45,136,94,48,#885E30
11,46,133,91,47,#855B2F
11,47,114,79,39,#724F27
12,0,161,119,58,#A1773A
12,1,174,132,64,#AE8440
12,2,185,145,71,#B99147
12,3,211,174,85,#D3AE55
12,4,221,185,91,#DDB95B
12,5,220,184,91,#DCB85B
12,6,220,183,91,#DCB75B
12,7,220,184,89,#DCB859
12,8,220,183,89,#DCB759
12,9,219,183,88,#DBB758
12,10,216,181,88,#D8B558
12,11,187,146,91,#BB925B
12,12,210,163,105,#D2A369
12,13,249,216,142,#F9D88E
12,14,255,221,147,#FFDD93
12,15,254,221,148,#FEDD94
12,16,255,231,151,#FFE797
12,17,255,230,150,#FFE696
12,18,255,228,149,#FFE495
12,19,255,226,149,#FFE295
12,20,255,228,151,#FFE497
12,21,254,220,146,#FEDC92
12,22,254,220,146,#FEDC92
12,23,255,220,146,#FFDC92
12,24,255,223,146,#FFDF92
12,25,253,221,146,#FDDD92
12,26,252,219,145,#FCDB91
12,27,255,227,151,#FFE397
12,28,255,225,149,#FFE195
12,29,255,224,149,#FFE095
12,30,255,230,147,#FFE693
12,31,255,234,152,#FFEA98
12,32,255,229,151,#FFE597
12,33,250,219,145,#FADB91
12,34,253,220,145,#FDDC91
12,35,253,225,149,#FDE195
12,36,201,171,104,#C9AB68
12,37,190,148,69,#BE9445
12,38,195,154,75,#C39A4B
12,39,194,152,75,#C2984B
12,40,191,150,75,#BF964B
12,41,160,118,61,#A0763D
12,42,125,85,43,#7D552B
12,43,118,78,42,#764E2A
12,44,121,82,42,#79522A
12,45,123,83,40,#7B5328
12,46,123,82,40,#7B5228
12,47,109,74,35,#6D4A23
13,0,143,102,49,#8F6631
13,1,158,111,53,#9E6F35
13,2,164,119,53,#A47735
13,3,177,136,61,#B1883D
13,4,206,169,80,#CEA950
13,5,227,191,93,#E3BF5D
13,6,227,192,94,#E3C05E
13,7,225,190,90,#E1BE5A
13,8,224,189,90,#E0BD5A
13,9,224,188,90,#E0BC5A
13,10,225,191,89,#E1BF59
13,11,188,150,90,#BC965A
13,12,205,156,103,#CD9C67
13,13,246,211,137,#F6D389
13,14,255,228,148,#FFE494
13,15,246,216,140,#F6D88C
13,16,183,163,109,#B7A36D
13,17,176,158,113,#B09E71
13,18,198,175,116,#C6AF74
13,19,246,217,139,#F6D98B
13,20,253,218,142,#FDDA8E
13,21,254,220,146,#FEDC92
13,22,254,220,146,#FEDC92
13,23,254,220,146,#FEDC92
13,24,254,220,146,#FEDC92
13,25,251,222,146,#FBDE92
13,26,253,222,147,#FDDE93
13,27,250,216,144,#FAD890
13,28,244,209,135,#F4D187
13,29,211,185,122,#D3B97A
13,30,170,154,106,#AA9A6A
13,31,163,148,99,#A39463
13,32,215,191,122,#D7BF7A
13,33,255,230,151,#FFE697
13,34,253,219,146,#FDDB92
13,35,250,222,147,#FADE93
13,36,203,173,107,#CBAD6B
13,37,203,163,80,#CBA350
13,38,202,164,82,#CAA452
13,39,200,162,81,#C8A251
13,40,202,162,83,#CAA253
13,41,184,144,75,#B8904B
13,42,145,104,53,#916835
13,43,134,93,48,#865D30
13,44,126,87,44,#7E572C
13,45,120,84,42,#78542A
13,46,118,80,39,#765027
13,47,106,72,34,#6A4822
14,0,138,97,48,#8A6130
14,1,147,102,48,#936630
14,2,153,106,49,#996A31
14,3,152,107,49,#986B31
14,4,166,124,56,#A67C38
14,5,192,152,69,#C09845
14,6,215,178,82,#D7B252
14,7,224,189,88,#E0BD58
14,8,229,193,92,#E5C15C
14,9,229,194,91,#E5C25B
14,10,227,195,87,#E3C357
14,11,197,160,93,#C5A05D
14,12,201,150,101,#C99665
14,13,249,212,138,#F9D48A
14,14,236,211,137,#ECD389
14,15,129,118,90,#81765A
14,16,175,168,147,#AFA893
14,17,207,197,169,#CFC5A9
14,18,195,187,163,#C3BBA3
14,19,180,167,126,#B4A77E
14,20,210,183,119,#D2B777
14,21,248,213,141,#F8D58D
14,22,254,222,147,#FEDE93
14,23,252,221,146,#FCDD92
14,24,254,220,146,#FEDC92
14,25,251,221,145,#FBDD91
14,26,254,225,150,#FEE196
14,27,223,193,125,#DFC17D
14,28,170,151,108,#AA976C
14,29,177,168,142,#B1A88E
14,30,206,196,171,#CEC4AB
14,31,192,185,163,#C0B9A3
14,32,126,119,101,#7E7765
14,33,175,156,108,#AF9C6C
14,34,255,230,151,#FFE697
14,35,247,219,146,#F7DB92
14,36,201,172,106,#C9AC6A
14,37,203,166,84,#CBA654
14,38,210,173,88,#D2AD58
14,39,212,176,90,#D4B05A
14,40,212,175,92,#D4AF5C
14,41,209,170,93,#D1AA5D
14,42,191,150,80,#BF9650
14,43,164,122,61,#A47A3D
14,44,140,97,48,#8C6130
14,45,132,90,46,#845A2E
14,46,128,89,44,#80592C
14,47,115,80,40,#735028
15,0,184,144,79,#B8904F
15,1,172,131,66,#AC8342
15,2,176,134,66,#B08642
15,3,188,145,75,#BC914B
15,4,186,144,74,#BA904A
15,5,189,148,75,#BD944B
15,6,206,167,85,#CEA755
15,7,225,190,94,#E1BE5E
15,8,229,195,96,#E5C360
15,9,202,167,88,#CAA758
15,10,192,156,87,#C09C57
15,11,184,150,88,#B89658
15,12,202,151,101,#CA9765
15,13,240,204,132,#F0CC84
15,14,148,133,99,#948563
15,15,199,190,167,#C7BEA7
15,16,255,255,214,#FFFFD6
15,17,218,208,171,#DAD0AB
15,18,180,163,125,#B4A37D
15,19,223,212,183,#DFD4B7
15,20,195,180,140,#C3B48C
15,21,241,212,138,#F1D48A
15,22,253,224,148,#FDE094
15,23,251,221,146,#FBDD92
15,24,253,220,146,#FDDC92
15,25,253,220,145,#FDDC91
15,26,255,225,148,#FFE194
15,27,207,186,127,#CFBA7F
15,28,208,200,171,#D0C8AB
15,29,243,235,203,#F3EBCB
15,30,165,150,110,#A5966E
15,31,224,210,172,#E0D2AC
15,32,252,246,213,#FCF6D5
15,33,131,126,108,#837E6C
15,34,202,179,120,#CAB378
15,35,254,226,150,#FEE296
15,36,208,185,120,#D0B978
15,37,231,208,133,#E7D085
15,38,206,182,109,#CEB66D
15,39,217,185,102,#D9B966
15,40,225,191,108,#E1BF6C
15,41,203,168,90,#CBA85A
15,42,176,135,66,#B08742
15,43,170,125,61,#AA7D3D
15,44,168,124,64,#A87C40
15,45,168,126,67,#A87E43
15,46,173,133,72,#AD8548
15,47,148,109,57,#946D39
16,0,235,202,109,#EBCA6D
16,1,229,197,102,#E5C566
16,2,228,195,103,#E4C367
16,3,234,201,106,#EAC96A
16,4,235,202,106,#EBCA6A
16,5,234,201,109,#EAC96D
16,6,233,199,106,#E9C76A
16,7,238,205,106,#EECD6A
16,8,200,166,96,#C8A660
16,9,181,136,92,#B5885C
16,10,196,150,101,#C49665
16,11,184,142,98,#B88E62
16,12,194,145,97,#C29161
16,13,223,188,122,#DFBC7A
16,14,174,165,130,#AEA582
16,15,255,244,207,#FFF4CF
16,16,223,212,176,#DFD4B0
16,17,175,174,161,#AFAEA1
16,18,64,51,27,#40331B
16,19,189,174,134,#BDAE86
16,20,249,235,199,#F9EBC7
16,21,240,212,144,#F0D490
16,22,255,222,146,#FFDE92
16,23,251,222,146,#FBDE92
16,24,251,222,146,#FBDE92
16,25,253,220,146,#FDDC92
16,26,254,219,142,#FEDB8E
16,27,228,208,158,#E4D09E
16,28,231,219,183,#E7DBB7
16,29,171,168,150,#ABA896
16,30,81,71,50,#514732
16,31,155,139,99,#9B8B63
16,32,255,248,213,#FFF8D5
16,33,228,217,182,#E4D9B6
16,34,225,200,139,#E1C88B
16,35,251,224,148,#FBE094
16,36,217,198,132,#D9C684
16,37,211,180,115,#D3B473
16,38,209,184,125,#D1B87D
16,39,203,176,106,#CBB06A
16,40,199,162,87,#C7A257
16,41,172,133,67,#AC8543
16,42,156,114,55,#9C7237
16,43,159,117,57,#9F7539
16,44,163,121,60,#A3793C
16,45,164,123,60,#A47B3C
16,46,171,128,64,#AB8040
16,47,158,117,58,#9E753A
17,0,230,201,107,#E6C96B
17,1,234,203,108,#EACB6C
17,2,235,204,110,#EBCC6E
17,3,234,204,110,#EACC6E
17,4,233,203,108,#E9CB6C
17,5,233,202,110,#E9CA6E
17,6,236,205,112,#ECCD70
17,7,226,196,106,#E2C46A
17,8,186,146,97,#BA9261
17,9,196,149,100,#C49564
17,10,181,138,91,#B58A5B
17,11,173,132,91,#AD845B
17,12,195,145,97,#C39161
17,13,228,185,119,#E4B977
17,14,251,228,163,#FBE4A3
17,15,252,242,206,#FCF2CE
17,16,207,193,153,#CFC199
17,17,121,105,71,#796947
17,18,127,115,80,#7F7350
17,19,201,187,145,#C9BB91
17,20,255,241,203,#FFF1CB
17,21,252,221,150,#FCDD96
17,22,254,220,145,#FEDC91
17,23,253,221,146,#FDDD92
17,24,253,221,146,#FDDD92
17,25,254,220,147,#FEDC93
17,26,253,219,141,#FDDB8D
17,27,254,231,173,#FEE7AD
17,28,236,224,190,#ECE0BE
17,29,138,122,85,#8A7A55
17,30,132,117,80,#847550
17,31,201,186,145,#C9BA91
17,32,252,241,206,#FCF1CE
17,33,247,231,184,#F7E7B8
17,34,255,225,149,#FFE195
17,35,244,217,145,#F4D991
17,36,179,156,105,#B39C69
17,37,179,139,90,#B38B5A
17,38,228,197,134,#E4C586
17,39,202,177,113,#CAB171
17,40,174,135,70,#AE8746
17,41,160,118,58,#A0763A
17,42,148,104,50,#946832
17,43,144,101,48,#906530
17,44,144,99,44,#90632C
17,45,149,102,45,#95662D
17,46,154,105,48,#9A6930
17,47,144,99,45,#90632D
18,0,233,202,116,#E9CA74
18,1,234,201,115,#EAC973
18,2,233,202,115,#E9CA73
18,3,231,204,116,#E7CC74
18,4,232,205,117,#E8CD75
18,5,232,205,117,#E8CD75
18,6,239,210,121,#EFD279
18,7,217,192,113,#D9C071
18,8,192,150,100,#C09664
18,9,202,152,102,#CA9866
18,10,166,122,79,#A67A4F
18,11,146,109,74,#926D4A
18,12,184,138,96,#B88A60
18,13,222,178,116,#DEB274
18,14,254,223,146,#FEDF92
18,15,247,228,177,#F7E4B1
18,16,243,233,199,#F3E9C7
18,17,215,201,165,#D7C9A5
18,18,211,198,161,#D3C6A1
18,19,242,229,198,#F2E5C6
18,20,249,228,175,#F9E4AF
18,21,253,219,144,#FDDB90
18,22,254,220,146,#FEDC92
18,23,254,220,146,#FEDC92
18,24,254,220,146,#FEDC92
18,25,254,220,146,#FEDC92
18,26,253,221,145,#FDDD91
18,27,250,221,150,#FADD96
18,28,248,232,192,#F8E8C0
18,29,233,223,187,#E9DFBB
18,30,224,209,173,#E0D1AD
18,31,241,230,196,#F1E6C4
18,32,241,228,187,#F1E4BB
18,33,247,221,154,#F7DD9A
18,34,255,226,147,#FFE293
18,35,218,193,130,#DAC182
18,36,179,141,94,#B38D5E
18,37,197,154,100,#C59A64
18,38,237,210,141,#EDD28D
18,39,223,197,129,#DFC581
18,40,187,150,88,#BB9658
18,41,164,121,61,#A4793D
18,42,153,108,52,#996C34
18,43,153,109,53,#996D35
18,44,162,118,58,#A2763A
18,45,170,124,62,#AA7C3E
18,46,180,134,69,#B48645
18,47,174,135,74,#AE874A
19,0,233,205,124,#E9CD7C
19,1,235,206,123,#EBCE7B
19,2,235,207,123,#EBCF7B
19,3,235,209,123,#EBD17B
19,4,235,208,123,#EBD07B
19,5,234,207,123,#EACF7B
19,6,240,212,125,#F0D47D
19,7,219,193,120,#DBC178
19,8,193,150,102,#C19666
19,9,182,135,91,#B6875B
19,10,169,122,77,#A97A4D
19,11,158,115,74,#9E734A
19,12,166,125,85,#A67D55
19,13,218,172,112,#DAAC70
19,14,251,218,144,#FBDA90
19,15,253,221,147,#FDDD93
19,16,232,209,147,#E8D193
19,17,231,211,155,#E7D39B
19,18,230,211,156,#E6D39C
19,19,238,214,153,#EED699
19,20,255,221,146,#FFDD92
19,21,255,219,145,#FFDB91
19,22,255,221,147,#FFDD93
19,23,254,220,146,#FEDC92
19,24,254,220,146,#FEDC92
19,25,254,220,146,#FEDC92
19,26,253,220,146,#FDDC92
19,27,255,221,146,#FFDD92
19,28,247,216,146,#F7D892
19,29,230,211,149,#E6D395
19,30,231,211,154,#E7D39A
19,31,228,207,147,#E4CF93
19,32,242,216,145,#F2D891
19,33,252,221,144,#FCDD90
19,34,255,226,149,#FFE295
19,35,222,197,136,#DEC588
19,36,186,150,101,#BA9665
19,37,202,153,98,#CA9962
19,38,222,191,129,#DEBF81
19,39,220,191,126,#DCBF7E
19,40,150,108,51,#966C33
19,41,155,110,52,#9B6E34
19,42,157,108,53,#9D6C35
19,43,157,112,54,#9D7036
19,44,175,136,71,#AF8847
19,45,186,149,83,#BA9553
19,46,196,160,92,#C4A05C
19,47,176,143,80,#B08F50
20,0,194,146,74,#C2924A
20,1,202,155,82,#CA9B52
20,2,220,182,108,#DCB66C
20,3,231,198,122,#E7C67A
20,4,233,202,125,#E9CA7D
20,5,234,202,125,#EACA7D
20,6,238,206,127,#EECE7F
20,7,219,193,121,#DBC179
20,8,196,154,105,#C49A69
20,9,179,134,88,#B38658
20,10,169,123,77,#A97B4D
20,11,163,120,77,#A3784D
20,12,169,130,89,#A98259
20,13,211,164,106,#D3A46A
20,14,246,213,142,#F6D58E
20,15,254,222,147,#FEDE93
20,16,255,221,144,#FFDD90
20,17,255,221,143,#FFDD8F
20,18,254,222,143,#FEDE8F
20,19,254,222,144,#FEDE90
20,20,253,221,146,#FDDD92
20,21,254,221,147,#FEDD93
20,22,247,213,141,#F7D58D
20,23,253,219,145,#FDDB91
20,24,253,221,146,#FDDD92
20,25,253,219,146,#FDDB92
20,26,255,221,147,#FFDD93
20,27,254,220,146,#FEDC92
20,28,255,220,146,#FFDC92
20,29,255,222,143,#FFDE8F
20,30,255,221,143,#FFDD8F
20,31,255,223,144,#FFDF90
20,32,253,222,146,#FDDE92
20,33,251,221,145,#FBDD91
20,34,255,227,150,#FFE396
20,35,216,193,131,#D8C183
20,36,187,147,97,#BB9361
20,37,190,145,93,#BE915D
20,38,239,212,141,#EFD48D
20,39,205,177,113,#CDB171
20,40,137,96,44,#89602C
20,41,150,105,50,#966932
20,42,154,107,52,#9A6B34
20,43,159,113,54,#9F7136
20,44,156,112,52,#9C7034
20,45,152,110,50,#986E32
20,46,155,111,52,#9B6F34
20,47,139,96,45,#8B602D
21,0,199,146,73,#C79249
21,1,209,158,84,#D19E54
21,2,219,176,105,#DBB069
21,3,226,185,114,#E2B972
21,4,226,187,115,#E2BB73
21,5,227,185,115,#E3B973
21,6,223,183,112,#DFB770
21,7,221,182,111,#DDB66F
21,8,192,151,100,#C09764
21,9,192,145,98,#C09162
21,10,162,119,74,#A2774A
21,11,160,117,74,#A0754A
21,12,150,113,77,#96714D
21,13,201,154,98,#C99A62
21,14,243,207,136,#F3CF88
21,15,255,223,148,#FFDF94
21,16,252,219,146,#FCDB92
21,17,254,220,145,#FEDC91
21,18,250,222,146,#FADE92
21,19,250,222,146,#FADE92
21,20,252,224,147,#FCE093
21,21,243,214,141,#F3D68D
21,22,241,207,137,#F1CF89
21,23,255,223,148,#FFDF94
21,24,250,222,145,#FADE91
21,25,255,223,148,#FFDF94
21,26,244,213,141,#F4D58D
21,27,252,220,145,#FCDC91
21,28,253,221,146,#FDDD92
21,29,253,219,147,#FDDB93
21,30,252,220,146,#FCDC92
21,31,251,222,146,#FBDE92
21,32,251,222,146,#FBDE92
21,33,251,222,146,#FBDE92
21,34,252,224,147,#FCE093
21,35,191,167,118,#BFA776
21,36,198,161,106,#C6A16A
21,37,221,190,126,#DDBE7E
21,38,249,221,146,#F9DD92
21,39,168,135,77,#A8874D
21,40,149,104,47,#95682F
21,41,157,110,52,#9D6E34
21,42,154,109,48,#9A6D30
21,43,156,109,49,#9C6D31
21,44,155,106,49,#9B6A31
21,45,157,111,51,#9D6F33
21,46,166,121,60,#A6793C
21,47,172,131,73,#AC8349
22,0,186,132,58,#BA843A
22,1,186,132,58,#BA843A
22,2,187,133,61,#BB853D
22,3,186,133,61,#BA853D
22,4,187,134,61,#BB863D
22,5,186,132,59,#BA843B
22,6,183,126,56,#B77E38
22,7,179,125,55,#B37D37
22,8,168,120,57,#A87839
22,9,180,136,86,#B48856
22,10,201,155,103,#C99B67
22,11,197,151,101,#C59765
22,12,169,129,89,#A98159
22,13,191,146,98,#BF9262
22,14,236,198,129,#ECC681
22,15,255,224,147,#FFE093
22,16,253,219,144,#FDDB90
22,17,254,221,143,#FEDD8F
22,18,253,220,146,#FDDC92
22,19,251,221,146,#FBDD92
22,20,254,224,148,#FEE094
22,21,229,204,135,#E5CC87
22,22,221,196,127,#DDC47F
22,23,242,214,140,#F2D68C
22,24,251,223,147,#FBDF93
22,25,234,210,137,#EAD289
22,26,227,204,132,#E3CC84
22,27,247,217,143,#F7D98F
22,28,254,221,146,#FEDD92
22,29,253,220,146,#FDDC92
22,30,249,221,145,#F9DD91
22,31,252,220,146,#FCDC92
22,32,252,222,146,#FCDE92
22,33,252,223,147,#FCDF93
22,34,247,219,144,#F7DB90
22,35,223,199,136,#DFC788
22,36,255,228,149,#FFE495
22,37,243,218,140,#F3DA8C
22,38,208,184,119,#D0B877
22,39,199,165,100,#C7A564
22,40,219,184,115,#DBB873
22,41,216,181,114,#D8B572
22,42,207,172,104,#CFAC68
22,43,198,163,97,#C6A361
22,44,202,167,101,#CAA765
22,45,202,166,100,#CAA664
22,46,216,184,114,#D8B872
22,47,220,193,123,#DCC17B
23,0,177,122,48,#B17A30
23,1,174,119,48,#AE7730
23,2,174,119,48,#AE7730
23,3,178,124,50,#B27C32
23,4,184,129,55,#B88137
23,5,186,131,57,#BA8339
23,6,189,131,55,#BD8337
23,7,186,130,56,#BA8238
23,8,191,133,60,#BF853C
23,9,187,137,69,#BB8945
23,10,178,131,75,#B2834B
23,11,195,148,95,#C3945F
23,12,191,148,98,#BF9462
23,13,183,140,93,#B78C5D
23,14,227,188,121,#E3BC79
23,15,255,225,149,#FFE195
23,16,253,219,145,#FDDB91
23,17,251,219,145,#FBDB91
23,18,251,217,144,#FBD990
23,19,252,219,146,#FCDB92
23,20,251,222,145,#FBDE91
23,21,250,220,145,#FADC91
23,22,243,213,145,#F3D591
23,23,247,217,145,#F7D991
23,24,254,224,149,#FEE095
23,25,244,217,147,#F4D993
23,26,253,224,151,#FDE097
23,27,255,223,149,#FFDF95
23,28,255,221,148,#FFDD94
23,29,255,221,146,#FFDD92
23,30,255,228,150,#FFE496
23,31,255,223,148,#FFDF94
23,32,251,220,146,#FBDC92
23,33,253,224,146,#FDE092
23,34,240,214,142,#F0D68E
23,35,222,199,134,#DEC786
23,36,226,200,129,#E2C881
23,37,214,192,123,#D6C07B
23,38,234,208,138,#EAD08A
23,39,242,214,143,#F2D68F
23,40,240,214,143,#F0D68F
23,41,240,213,142,#F0D58E
23,42,240,211,141,#F0D38D
23,43,241,212,142,#F1D48E
23,44,242,213,143,#F2D58F
23,45,239,210,140,#EFD28C
23,46,242,215,143,#F2D78F
23,47,221,197,126,#DDC57E
24,0,200,160,85,#C8A055
24,1,201,159,88,#C99F58
24,2,205,163,93,#CDA35D
24,3,208,163,90,#D0A35A
24,4,209,161,87,#D1A157
24,5,209,161,87,#D1A157
24,6,209,160,87,#D1A057
24,7,211,160,88,#D3A058
24,8,210,158,85,#D29E55
24,9,211,159,83,#D39F53
24,10,205,155,84,#CD9B54
24,11,149,109,60,#956D3C
24,12,153,114,61,#99723D
24,13,162,121,76,#A2794C
24,14,221,178,116,#DDB274
24,15,253,222,148,#FDDE94
24,16,251,220,145,#FBDC91
24,17,255,227,150,#FFE396
24,18,255,234,155,#FFEA9B
24,19,255,225,147,#FFE193
24,20,251,220,137,#FBDC89
24,21,248,217,134,#F8D986
24,22,248,214,137,#F8D689
24,23,243,210,132,#F3D284
24,24,238,205,128,#EECD80
24,25,239,207,130,#EFCF82
24,26,237,206,129,#EDCE81
24,27,238,208,130,#EED082
24,28,243,214,136,#F3D688
24,29,248,220,146,#F8DC92
24,30,222,194,128,#DEC280
24,31,229,202,132,#E5CA84
24,32,251,222,148,#FBDE94
24,33,255,227,149,#FFE395
24,34,219,191,127,#DBBF7F
24,35,152,117,65,#987541
24,36,178,147,92,#B2935C
24,37,245,214,147,#F5D693
24,38,240,205,138,#F0CD8A
24,39,234,200,132,#EAC884
24,40,232,195,128,#E8C380
24,41,231,194,126,#E7C27E
24,42,228,192,126,#E4C07E
24,43,223,188,122,#DFBC7A
24,44,215,179,113,#D7B371
24,45,211,173,111,#D3AD6F
24,46,214,176,110,#D6B06E
24,47,192,155,93,#C09B5D
25,0,237,211,140,#EDD38C
25,1,236,211,138,#ECD38A
25,2,237,210,138,#EDD28A
25,3,238,210,139,#EED28B
25,4,238,212,140,#EED48C
25,5,240,213,141,#F0D58D
25,6,241,212,143,#F1D48F
25,7,241,212,142,#F1D48E
25,8,239,209,139,#EFD18B
25,9,244,213,142,#F4D58E
25,10,223,196,133,#DFC485
25,11,149,112,67,#957043
25,12,165,115,52,#A57334
25,13,155,113,63,#9B713F
25,14,199,157,104,#C79D68
25,15,247,217,142,#F7D98E
25,16,254,229,150,#FEE596
25,17,188,164,109,#BCA46D
25,18,139,120,79,#8B784F
25,19,209,192,147,#D1C093
25,20,230,217,172,#E6D9AC
25,21,234,225,183,#EAE1B7
25,22,235,226,190,#EBE2BE
25,23,237,228,198,#EDE4C6
25,24,235,226,198,#EBE2C6
25,25,236,229,200,#ECE5C8
25,26,236,228,201,#ECE4C9
25,27,230,223,197,#E6DFC5
25,28,218,214,187,#DAD6BB
25,29,140,130,110,#8C826E
25,30,37,22,14,#25160E
25,31,211,187,130,#D3BB82
25,32,254,227,148,#FEE394
25,33,255,228,150,#FFE496
25,34,194,162,104,#C2A268
25,35,152,102,46,#98662E
25,36,165,129,78,#A5814E
25,37,216,185,123,#D8B97B
25,38,209,170,106,#D1AA6A
25,39,190,148,85,#BE9455
25,40,175,135,70,#AF8746
25,41,169,128,65,#A98041
25,42,162,120,59,#A2783B
25,43,157,112,50,#9D7032
25,44,152,108,44,#986C2C
25,45,150,107,44,#966B2C
25,46,157,111,52,#9D6F34
25,47,146,100,47,#92642F
26,0,243,222,155,#F3DE9B
26,1,244,221,153,#F4DD99
26,2,244,222,153,#F4DE99
26,3,243,222,152,#F3DE98
26,4,245,223,153,#F5DF99
26,5,246,223,154,#F6DF9A
26,6,246,222,155,#F6DE9B
26,7,247,223,156,#F7DF9C
26,8,245,224,155,#F5E09B
26,9,244,222,153,#F4DE99
26,10,243,222,157,#F3DE9D
26,11,164,132,88,#A48458
26,12,161,111,54,#A16F36
26,13,158,113,58,#9E713A
26,14,172,130,84,#AC8254
26,15,238,202,132,#EECA84
26,16,255,232,150,#FFE896
26,17,203,179,124,#CBB37C
26,18,24,12,11,#180C0B
26,19,44,33,29,#2C211D
26,20,91,80,78,#5B504E
26,21,126,113,110,#7E716E
26,22,147,134,130,#938682
26,23,152,141,137,#988D89
26,24,159,150,147,#9F9693
26,25,152,143,139,#988F8B
26,26,147,132,129,#938481
26,27,127,109,106,#7F6D6A
26,28,72,61,58,#483D3A
26,29,20,10,11,#140A0B
26,30,117,98,73,#756249
26,31,255,232,154,#FFE89A
26,32,254,223,146,#FEDF92
26,33,240,213,144,#F0D590
26,34,161,123,69,#A17B45
26,35,161,113,55,#A17137
26,36,142,109,66,#8E6D42
26,37,155,111,54,#9B6F36
26,38,152,105,49,#986931
26,39,150,104,47,#96682F
26,40,149,102,44,#95662C
26,41,148,101,43,#94652B
26,42,145,100,41,#916429
26,43,148,102,42,#94662A
26,44,149,104,43,#95682B
26,45,149,105,43,#95692B
26,46,153,107,46,#996B2E
26,47,140,98,46,#8C622E
27,0,251,237,176,#FBEDB0
27,1,252,236,173,#FCECAD
27,2,250,235,174,#FAEBAE
27,3,250,235,173,#FAEBAD
27,4,250,235,172,#FAEBAC
27,5,250,235,174,#FAEBAE
27,6,249,235,172,#F9EBAC
27,7,250,235,173,#FAEBAD
27,8,250,233,171,#FAE9AB
27,9,255,237,175,#FFEDAF
27,10,253,242,180,#FDF2B4
27,11,176,151,105,#B09769
27,12,151,106,58,#976A3A
27,13,168,119,58,#A8773A
27,14,154,111,59,#9A6F3B
27,15,199,158,102,#C79E66
27,16,253,220,144,#FDDC90
27,17,255,232,152,#FFE898
27,18,178,162,120,#B2A278
27,19,96,87,87,#605757
27,20,83,41,29,#53291D
27,21,153,82,64,#995240
27,22,163,89,73,#A35949
27,23,140,77,62,#8C4D3E
27,24,129,71,53,#814735
27,25,144,81,63,#90513F
27,26,161,89,73,#A15949
27,27,173,92,73,#AD5C49
27,28,129,70,57,#814639
27,29,125,120,111,#7D786F
27,30,232,207,144,#E8CF90
27,31,255,227,147,#FFE393
27,32,249,222,149,#F9DE95
27,33,177,146,91,#B1925B
27,34,154,104,48,#9A6830
27,35,166,131,79,#A6834F
27,36,153,116,68,#997444
27,37,151,102,50,#976632
27,38,151,106,54,#976A36
27,39,152,107,50,#986B32
27,40,156,107,49,#9C6B31
27,41,154,108,49,#9A6C31
27,42,152,108,49,#986C31
27,43,150,107,47,#966B2F
27,44,150,106,47,#966A2F
27,45,149,106,47,#956A2F
27,46,150,105,46,#96692E
27,47,138,97,44,#8A612C
28,0,248,238,178,#F8EEB2
28,1,249,237,178,#F9EDB2
28,2,249,237,178,#F9EDB2
28,3,249,237,177,#F9EDB1
28,4,248,236,177,#F8ECB1
28,5,248,236,178,#F8ECB2
28,6,247,235,176,#F7EBB0
28,7,249,235,177,#F9EBB1
28,8,255,244,185,#FFF4B9
28,9,234,224,166,#EAE0A6
28,10,167,129,87,#A78157
28,11,136,72,45,#88482D
28,12,155,113,69,#9B7145
28,13,157,112,59,#9D703B
28,14,166,117,56,#A67538
28,15,152,109,62,#986D3E
28,16,206,167,110,#CEA76E
28,17,255,224,148,#FFE094
28,18,254,226,149,#FEE295
28,19,210,202,174,#D2CAAE
28,20,184,151,144,#B89790
28,21,200,115,92,#C8735C
28,22,201,109,88,#C96D58
28,23,202,110,91,#CA6E5B
28,24,202,109,88,#CA6D58
28,25,203,111,88,#CB6F58
28,26,201,109,86,#C96D56
28,27,198,115,95,#C6735F
28,28,187,144,135,#BB9087
28,29,220,202,154,#DCCA9A
28,30,255,228,147,#FFE493
28,31,247,222,146,#F7DE92
28,32,178,147,92,#B2935C
28,33,148,99,45,#94632D
28,34,179,138,79,#B38A4F
28,35,188,159,103,#BC9F67
28,36,143,100,52,#8F6434
28,37,158,112,57,#9E7039
28,38,158,113,58,#9E713A
28,39,157,112,54,#9D7036
28,40,157,114,54,#9D7236
28,41,157,113,51,#9D7133
28,42,154,112,50,#9A7032
28,43,153,112,49,#997031
28,44,152,111,48,#986F30
28,45,153,112,49,#997031
28,46,154,111,51,#9A6F33
28,47,142,101,48,#8E6530
29,0,245,232,174,#F5E8AE
29,1,247,234,176,#F7EAB0
29,2,248,235,178,#F8EBB2
29,3,249,236,178,#F9ECB2
29,4,249,236,178,#F9ECB2
29,5,250,238,182,#FAEEB6
29,6,255,245,191,#FFF5BF
29,7,250,242,190,#FAF2BE
29,8,210,194,144,#D2C290
29,9,163,115,73,#A37349
29,10,144,64,35,#904023
29,11,146,68,42,#92442A
29,12,147,96,59,#93603B
29,13,180,134,75,#B4864B
29,14,156,110,55,#9C6E37
29,15,163,115,55,#A37337
29,16,152,109,62,#986D3E
29,17,198,163,108,#C6A36C
29,18,254,225,146,#FEE192
29,19,245,218,144,#F5DA90
29,20,217,207,179,#D9CFB3
29,21,207,193,186,#CFC1BA
29,22,203,163,151,#CBA397
29,23,200,152,137,#C89889
29,24,200,151,138,#C8978A
29,25,199,151,140,#C7978C
29,26,202,166,156,#CAA69C
29,27,202,187,173,#CABBAD
29,28,222,207,156,#DECF9C
29,29,255,227,147,#FFE393
29,30,241,215,144,#F1D790
29,31,170,138,83,#AA8A53
29,32,147,100,50,#936432
29,33,187,147,85,#BB9355
29,34,229,201,123,#E5C97B
29,35,180,134,81,#B48651
29,36,170,114,69,#AA7245
29,37,150,108,59,#966C3B
29,38,155,116,55,#9B7437
29,39,162,121,57,#A27939
29,40,161,117,57,#A17539
29,41,162,119,58,#A2773A
29,42,162,122,57,#A27A39
29,43,164,122,56,#A47A38
29,44,164,123,57,#A47B39
29,45,163,122,60,#A37A3C
29,46,166,124,61,#A67C3D
29,47,155,115,54,#9B7336
30,0,255,245,190,#FFF5BE
30,1,255,246,189,#FFF6BD
30,2,255,247,190,#FFF7BE
30,3,255,245,190,#FFF5BE
30,4,255,249,194,#FFF9C2
30,5,252,248,193,#FCF8C1
30,6,222,211,161,#DED3A1
30,7,183,151,104,#B79768
30,8,174,118,69,#AE7645
30,9,164,92,54,#A45C36
30,10,149,72,45,#95482D
30,11,149,71,43,#95472B
30,12,141,82,53,#8D5235
30,13,188,140,80,#BC8C50
30,14,188,137,75,#BC894B
30,15,157,113,61,#9D713D
30,16,161,113,56,#A17138
30,17,148,106,56,#946A38
30,18,184,152,100,#B89864
30,19,247,218,139,#F7DA8B
30,20,251,222,143,#FBDE8F
30,21,228,211,163,#E4D3A3
30,22,223,220,194,#DFDCC2
30,23,229,230,215,#E5E6D7
30,24,231,233,222,#E7E9DE
30,25,226,226,206,#E2E2CE
30,26,226,215,175,#E2D7AF
30,27,242,217,153,#F2D999
30,28,255,229,149,#FFE595
30,29,225,199,131,#E1C783
30,30,155,118,70,#9B7646
30,31,154,111,59,#9A6F3B
30,32,206,171,104,#CEAB68
30,33,255,226,134,#FFE286
30,34,199,172,105,#C7AC69
30,35,165,115,70,#A57346
30,36,190,126,72,#BE7E48
30,37,182,122,75,#B67A4B
30,38,159,112,66,#9F7042
30,39,161,127,75,#A17F4B
30,40,178,147,92,#B2935C
30,41,170,133,79,#AA854F
30,42,160,118,66,#A07642
30,43,157,115,58,#9D733A
30,44,155,115,58,#9B733A
30,45,153,114,59,#99723B
30,46,158,118,60,#9E763C
30,47,147,110,55,#936E37
31,0,231,220,162,#E7DCA2
31,1,230,219,160,#E6DBA0
31,2,233,222,161,#E9DEA1
31,3,229,222,161,#E5DEA1
31,4,213,205,151,#D5CD97
31,5,184,157,109,#B89D6D
31,6,171,118,69,#AB7645
31,7,180,116,66,#B47442
31,8,188,125,74,#BC7D4A
31,9,157,86,51,#9D5633
31,10,148,71,44,#94472C
31,11,153,75,46,#994B2E
31,12,134,67,44,#86432C
31,13,174,126,72,#AE7E48
31,14,211,155,79,#D39B4F
31,15,196,144,79,#C4904F
31,16,167,121,66,#A77942
31,17,150,109,60,#966D3C
31,18,169,129,88,#A98158
31,19,193,155,102,#C19B66
31,20,229,200,130,#E5C882
31,21,255,226,144,#FFE290
31,22,249,219,140,#F9DB8C
31,23,217,190,126,#D9BE7E
31,24,207,181,120,#CFB578
31,25,225,196,127,#E1C47F
31,26,255,225,143,#FFE18F
31,27,255,225,146,#FFE192
31,28,217,188,123,#D9BC7B
31,29,165,129,86,#A58156
31,30,176,138,85,#B08A55
31,31,237,203,123,#EDCB7B
31,32,255,220,132,#FFDC84
31,33,242,211,125,#F2D37D
31,34,184,155,101,#B89B65
31,35,176,116,70,#B07446
31,36,185,123,71,#B97B47
31,37,185,123,74,#B97B4A
31,38,185,123,74,#B97B4A
31,39,176,123,76,#B07B4C
31,40,163,128,86,#A38056
31,41,160,136,90,#A0885A
31,42,152,125,77,#987D4D
31,43,139,110,59,#8B6E3B
31,44,126,99,49,#7E6331
31,45,125,96,46,#7D602E
31,46,130,99,47,#82632F
31,47,120,94,46,#785E2E
32,0,179,151,81,#B39751
32,1,182,152,76,#B6984C
32,2,169,139,71,#A98B47
32,3,157,121,68,#9D7944
32,4,167,115,67,#A77343
32,5,180,116,66,#B47442
32,6,187,123,73,#BB7B49
32,7,186,125,73,#BA7D49
32,8,180,117,70,#B47546
32,9,152,77,47,#984D2F
32,10,149,72,45,#95482D
32,11,152,75,46,#984B2E
32,12,138,66,41,#8A4229
32,13,145,94,55,#915E37
32,14,206,153,79,#CE994F
32,15,202,147,75,#CA934B
32,16,205,150,80,#CD9650
32,17,181,133,76,#B5854C
32,18,174,133,83,#AE8553
32,19,189,144,94,#BD905E
32,20,189,146,98,#BD9262
32,21,205,173,114,#CDAD72
32,22,236,209,136,#ECD188
32,23,247,218,144,#F7DA90
32,24,239,208,136,#EFD088
32,25,249,219,145,#F9DB91
32,26,235,211,136,#EBD388
32,27,196,165,107,#C4A56B
32,28,183,144,96,#B79060
32,29,225,190,119,#E1BE77
32,30,254,220,130,#FEDC82
32,31,253,216,128,#FDD880
32,32,251,213,128,#FBD580
32,33,231,203,123,#E7CB7B
32,34,155,116,72,#9B7448
32,35,184,119,69,#B87745
32,36,184,123,72,#B87B48
32,37,184,122,75,#B87A4B
32,38,184,123,72,#B87B48
32,39,185,122,69,#B97A45
32,40,181,118,70,#B57646
32,41,168,119,74,#A8774A
32,42,141,111,63,#8D6F3F
32,43,127,105,51,#7F6933
32,44,132,109,50,#846D32
32,45,143,112,53,#8F7035
32,46,150,117,55,#967537
32,47,141,109,55,#8D6D37
33,0,193,152,76,#C1984C
33,1,174,131,67,#AE8343
33,2,170,117,70,#AA7546
33,3,183,120,72,#B77848
33,4,187,124,72,#BB7C48
33,5,185,124,73,#B97C49
33,6,184,122,75,#B87A4B
33,7,185,124,73,#B97C49
33,8,179,116,68,#B37444
33,9,149,72,44,#95482C
33,10,149,71,44,#95472C
33,11,150,73,45,#96492D
33,12,149,74,45,#954A2D
33,13,127,62,42,#7F3E2A
33,14,179,126,70,#B37E46
33,15,207,153,78,#CF994E
33,16,200,146,75,#C8924B
33,17,206,151,77,#CE974D
33,18,200,147,76,#C8934C
33,19,188,139,76,#BC8B4C
33,20,183,136,81,#B78851
33,21,187,141,93,#BB8D5D
33,22,191,151,99,#BF9763
33,23,197,165,106,#C5A56A
33,24,209,178,113,#D1B271
33,25,204,170,109,#CCAA6D
33,26,187,148,96,#BB9460
33,27,196,160,102,#C4A066
33,28,243,209,127,#F3D17F
33,29,255,218,129,#FFDA81
33,30,250,213,126,#FAD57E
33,31,248,210,125,#F8D27D
33,32,255,226,134,#FFE286
33,33,198,167,102,#C6A766
33,34,142,87,54,#8E5736
33,35,189,127,75,#BD7F4B
33,36,183,121,70,#B77946
33,37,184,122,74,#B87A4A
33,38,184,123,72,#B87B48
33,39,184,122,71,#B87A47
33,40,184,123,71,#B87B47
33,41,186,123,72,#BA7B48
33,42,182,121,72,#B67948
33,43,162,114,66,#A27242
33,44,133,101,51,#856533
33,45,129,100,44,#81642C
33,46,141,109,47,#8D6D2F
33,47,129,99,44,#81632C
34,0,175,135,73,#AF8749
34,1,170,116,68,#AA7444
34,2,187,124,75,#BB7C4B
34,3,185,123,75,#B97B4B
34,4,183,122,72,#B77A48
34,5,184,122,71,#B87A47
34,6,184,122,75,#B87A4B
34,7,184,122,72,#B87A48
34,8,185,124,72,#B97C48
34,9,167,99,59,#A7633B
34,10,147,70,42,#93462A
34,11,149,73,44,#95492C
34,12,151,74,45,#974A2D
34,13,139,66,43,#8B422B
34,14,133,75,47,#854B2F
34,15,194,141,76,#C28D4C
34,16,204,151,76,#CC974C
34,17,200,147,76,#C8934C
34,18,203,148,76,#CB944C
34,19,205,150,77,#CD964D
34,20,203,148,74,#CB944A
34,21,185,136,78,#B9884E
34,22,198,149,100,#C69564
34,23,206,153,103,#CE9967
34,24,202,152,100,#CA9864
34,25,200,149,100,#C89564
34,26,197,160,105,#C5A069
34,27,248,217,129,#F8D981
34,28,254,215,127,#FED77F
34,29,250,212,127,#FAD47F
34,30,250,211,127,#FAD37F
34,31,255,220,129,#FFDC81
34,32,225,193,115,#E1C173
34,33,129,75,49,#814B31
34,34,167,106,65,#A76A41
34,35,187,126,75,#BB7E4B
34,36,183,121,72,#B77948
34,37,184,122,71,#B87A47
34,38,184,122,74,#B87A4A
34,39,184,122,75,#B87A4B
34,40,184,122,72,#B87A48
34,41,183,122,72,#B77A48
34,42,184,122,75,#B87A4B
34,43,188,125,75,#BC7D4B
34,44,182,122,74,#B67A4A
34,45,136,100,55,#886437
34,46,112,91,37,#705B25
34,47,112,87,37,#705725
35,0,163,116,71,#A37447
35,1,186,123,72,#BA7B48
35,2,184,122,73,#B87A49
35,3,184,122,76,#B87A4C
35,4,184,122,74,#B87A4A
35,5,184,122,71,#B87A47
35,6,184,122,75,#B87A4B
35,7,184,122,72,#B87A48
35,8,184,122,69,#B87A45
35,9,186,125,72,#BA7D48
35,10,170,101,61,#AA653D
35,11,149,74,43,#954A2B
35,12,150,73,44,#96492C
35,13,150,75,45,#964B2D
35,14,141,68,40,#8D4428
35,15,149,89,50,#955932
35,16,199,147,75,#C7934B
35,17,203,149,76,#CB954C
35,18,201,148,74,#C9944A
35,19,201,148,76,#C9944C
35,20,203,149,75,#CB954B
35,21,199,146,74,#C7924A
35,22,185,139,89,#B98B59
35,23,205,156,105,#CD9C69
35,24,207,157,104,#CF9D68
35,25,193,149,98,#C19562
35,26,226,193,120,#E2C178
35,27,255,218,127,#FFDA7F
35,28,249,212,124,#F9D47C
35,29,250,213,125,#FAD57D
35,30,253,217,126,#FDD97E
35,31,232,201,117,#E8C975
35,32,156,108,66,#9C6C42
35,33,145,82,52,#915234
35,34,181,120,71,#B57847
35,35,185,122,71,#B97A47
35,36,184,122,75,#B87A4B
35,37,184,122,72,#B87A48
35,38,184,122,73,#B87A49
35,39,184,122,75,#B87A4B
35,40,184,122,75,#B87A4B
35,41,184,122,75,#B87A4B
35,42,184,122,75,#B87A4B
35,43,183,121,75,#B7794B
35,44,186,123,72,#BA7B48
35,45,183,124,74,#B77C4A
35,46,126,93,49,#7E5D31
35,47,102,80,34,#665022
